domain,source
3nitypsy.ru,sources.txt
a-check.ru,sources.txt
a-edu.ru,sources.txt
aam-academy.ru,sources.txt
academybrokers.ru,sources.txt
academyorator.ru,sources.txt
addatattoo.pro,sources.txt
aglashevich.ru,sources.txt
aigulbatyrshina.ru,sources.txt
aiinteriorlab.ru,sources.txt
albus-school.ru,sources.txt
aleksafit.com,sources.txt
alevtinka.online,sources.txt
alexandrakhramova.com,sources.txt
alexandravereteno.ru,sources.txt
algoway.pro,sources.txt
alinakirillova.ru,sources.txt
alinakisina.pro,sources.txt
allabelyavskaya.ru,sources.txt
allazova.school,sources.txt
alsukamakaeva.ru,sources.txt
alybodrova.ru,sources.txt
americanaccent.ru,sources.txt
amicourses.ru,sources.txt
anastasia-art-school.ru,sources.txt
anastasiyastetsenko.ru,sources.txt
andreyprodetey.ru,sources.txt
anetamorochko.ru,sources.txt
anfinogenov.pro,sources.txt
anis-school.art,sources.txt
annakuritcyna.com,sources.txt
annasedelnikova.ru,sources.txt
annashestopalova.ru,sources.txt
anokhina-stylelab.ru,sources.txt
antiage-academy.online,sources.txt
antroposchool.ru,sources.txt
aprofitness.ru,sources.txt
aquababyschool.ru,sources.txt
arazumovskaya.ru,sources.txt
arpacademy.ru,sources.txt
as-stasi.ru,sources.txt
asiagleyzer.com,sources.txt
astra108.ru,sources.txt
astrolog-eliseeva.ru,sources.txt
astromarya.by,sources.txt
astropraktik.ru,sources.txt
astroprofit.ru,sources.txt
asya-gvison.ru,sources.txt
atmaland.ru,sources.txt
autocad-prosto.ru,sources.txt
azaliya-ruff.ru,sources.txt
back-school.online,sources.txt
balancebybarbaris.ru,sources.txt
barnowski.ru,sources.txt
be-balanced.ru,sources.txt
befitschool.ru,sources.txt
beinstream.ru,sources.txt
berebooted.ru,sources.txt
bernatcolor.pro,sources.txt
blenderverse.ru,sources.txt
bluebirdmoney.online,sources.txt
bluesguide-school.ru,sources.txt
bodyscience.online,sources.txt
bogomolovaschool.ru,sources.txt
boldyrevguitarschool.ru,sources.txt
boost-your-hsk.ru,sources.txt
boreo2.ru,sources.txt
breathing-with-olesya.ru,sources.txt
bukhonina.ru,sources.txt
businessfromair.ru,sources.txt
bystrik.online,sources.txt
calligraphyok.ru,sources.txt
champion-academy.ru,sources.txt
cheblakov.ru,sources.txt
chernovanails.ru,sources.txt
chertanova.ru,sources.txt
childsleep.club,sources.txt
chudozefir.com,sources.txt
clios.space,sources.txt
compassnew.ru,sources.txt
course-slovodoctora.ru,sources.txt
coursera.org,sources.txt
cr-istochnik.ru,sources.txt
cyber-ed.ru,sources.txt
damirsokol.ru,sources.txt
damoloda.ru,sources.txt
danchenko-astro.ru,sources.txt
danyushkov.ru,sources.txt
dariaoskin.com,sources.txt
daristoka.ru,sources.txt
daronline.ru,sources.txt
dasha-kozyreva.com,sources.txt
dashagvocal.ru,sources.txt
dashimaproblog.com,sources.txt
decorrgpredmetov.ru,sources.txt
denyakina.ru,sources.txt
derevcova.ru,sources.txt
dk9school.ru,sources.txt
doctor-polina.ru,sources.txt
doctorasatrian.online,sources.txt
doctorermolenko.ru,sources.txt
doctorkisler.ru,sources.txt
doctormamontovschool.com,sources.txt
doctorshakh.ru,sources.txt
dog-energy.ru,sources.txt
dogclaws.ru,sources.txt
doktordolgopolova.online,sources.txt
dpomag.online,sources.txt
dr-karina.com,sources.txt
dzhosan.ru,sources.txt
easykiz.ru,sources.txt
echodushi.ru,sources.txt
ecotelo.ru,sources.txt
eduardbolshakov.ru,sources.txt
efimapharm.ru,sources.txt
egubova.online,sources.txt
ejsa.ru,sources.txt
ekaterinasmoliakova.ru,sources.txt
elemental-magic.ru,sources.txt
elenakochetkova.pro,sources.txt
elenalite.ru,sources.txt
elenanahodkina.ru,sources.txt
elenavdovina.online,sources.txt
elenayouth.com,sources.txt
elinakamaeva.ru,sources.txt
ellinskii.ru,sources.txt
encouragetatia.com,sources.txt
enioline.ru,sources.txt
ensoma.ru,sources.txt
erofitnesswithloveonline.ru,sources.txt
esenia-reiki.com,sources.txt
esoroom.su,sources.txt
esperanto-leto.ru,sources.txt
etoparis.ru,sources.txt
evgenia-andreevna.ru,sources.txt
evgeniakisslova.com,sources.txt
evstafievhealth.ru,sources.txt
expertbg.ru,sources.txt
falkova-pro.online,sources.txt
familyhlebschool.ru,sources.txt
fball.pro,sources.txt
feelenglish.tech,sources.txt
feldenkrais.su,sources.txt
field-school.com,sources.txt
filmtechrea.ru,sources.txt
filtext.ru,sources.txt
fitnesszdes.ru,sources.txt
fizkulturavkarmane.ru,sources.txt
food-mentor.ru,sources.txt
foothacker.com,sources.txt
foxford.ru,sources.txt
frolovaolesya.ru,sources.txt
full-level.pro,sources.txt
galina-skryabina.ru,sources.txt
gamulinaartschool.ru,sources.txt
gekova.education,sources.txt
get-shop-online.ru,sources.txt
gigong.ru,sources.txt
gip-school.ru,sources.txt
glavnoe-menu.ru,sources.txt
glebovaphoto.ru,sources.txt
glotov.pro,sources.txt
golosoved.ru,sources.txt
goodangel.space,sources.txt
goodsense.pro,sources.txt
gorbatenki.ru,sources.txt
gorizont-school.ru,sources.txt
gorlitsacalligraphy.ru,sources.txt
govzallaa.ru,sources.txt
grammaze.ru,sources.txt
grobleracademy.ru,sources.txt
guitarforall.net,sources.txt
h-n-v.ru,sources.txt
hand-drame.shop,sources.txt
happycatclub.ru,sources.txt
happystranger.ru,sources.txt
hasta26.ru,sources.txt
helenivleva.ru,sources.txt
helensymon.ru,sources.txt
holitemple.com,sources.txt
i-km.ru,sources.txt
ibls.one,sources.txt
igo-dzen.ru,sources.txt
ilovesoap.ru,sources.txt
imaschool.ru,sources.txt
inessakryzhanovskaya.com,sources.txt
ingafoksha.ru,sources.txt
inserschool.ru,sources.txt
interneturok.ru,sources.txt
ipadconcept.ru,sources.txt
iraprozozh.ru,sources.txt
irenaberti.com,sources.txt
irina-santori.com,sources.txt
irinagolovina.ru,sources.txt
irinakocheva.ru,sources.txt
irinakonshina.ru,sources.txt
isotm.ru,sources.txt
itishnicaalena.ru,sources.txt
izbenko.com,sources.txt
jenyateplaya.ru,sources.txt
k-efi.ru,sources.txt
kabaevanails.ru,sources.txt
kalaytan.online,sources.txt
karnash.org,sources.txt
kassinavito-zapusk.ru,sources.txt
katia4e.ru,sources.txt
katkovaanails.ru,sources.txt
katrinproson.ru,sources.txt
katsizova.ru,sources.txt
katyayasenko.ru,sources.txt
kharlamova-psy.com,sources.txt
killap2p.ru,sources.txt
kiragsystem.com,sources.txt
kiselevafit.ru,sources.txt
klavabeauty.online,sources.txt
klips73.ru,sources.txt
klubkova-school.ru,sources.txt
kmclub-practicum.com,sources.txt
kolosvaroga.ru,sources.txt
kontslav.ru,sources.txt
kotovaolgamusic.ru,sources.txt
kovalevskayalab.ru,sources.txt
kovziktatiana.ru,sources.txt
kramshenkova.ru,sources.txt
kremlevs.ru,sources.txt
kudamasovayuliafit.ru,sources.txt
kurs-segodnya.ru,sources.txt
kuznetsova.su,sources.txt
kuzyakinyfit.online,sources.txt
labsoul.ru,sources.txt
landscape-course.ru,sources.txt
larisa-korchagina.ru,sources.txt
lawnpink.ru,sources.txt
lektorium.tv,sources.txt
lera-proaut.ru,sources.txt
lerauva.online,sources.txt
lerchekeso.ru,sources.txt
levober.ru,sources.txt
lifeandlanguagemorningclub.com,sources.txt
lifeharmonyvv.ru,sources.txt
lishhaiclub.ru,sources.txt
litfactory.ru,sources.txt
liverpoolschool.ru,sources.txt
lobzhanidze.online,sources.txt
losevapro.ru,sources.txt
lovewinter.ru,sources.txt
ludmilavishnyakova.ru,sources.txt
m-petrova-art.ru,sources.txt
macrame-set.ru,sources.txt
maestro-school.ru,sources.txt
magicofoilart.ru,sources.txt
makogonvv.ru,sources.txt
mamonovafinance.ru,sources.txt
margoforbs.ru,sources.txt
mariamosievskih.ru,sources.txt
mariiaalekseeva.ru,sources.txt
marina-beautyschool.ru,sources.txt
marinaoreilly.com,sources.txt
masha-brand.ru,sources.txt
massageface.ru,sources.txt
masterclass-vyazanie.ru,sources.txt
mastukina.ru,sources.txt
matyatina.online,sources.txt
max.ru,sources.txt
mayamasterp.ru,sources.txt
mediym.ru,sources.txt
medum.space,sources.txt
meta-arts.ru,sources.txt
metod-zemtsova.ru,sources.txt
metodself.ru,sources.txt
metodstrelnikova.ru,sources.txt
microbiologia.ru,sources.txt
mika-momentsss.ru,sources.txt
milacristall.ru,sources.txt
milamanina.ru,sources.txt
mind-hacking.ru,sources.txt
mindfullclub.com,sources.txt
mkvadrat74.ru,sources.txt
molchanovayulia.ru,sources.txt
molodkin.food,sources.txt
mommyyoga.ru,sources.txt
moondreams.pro,sources.txt
mql-master.ru,sources.txt
mshitova.com,sources.txt
mttpro.ru,sources.txt
mtv-school.ru,sources.txt
myagkierody.ru,sources.txt
mylifediane.com,sources.txt
myravc.online,sources.txt
mysterium-centr.online,sources.txt
naida-style.online,sources.txt
natalia-holistic.com,sources.txt
natalia-shevtsova.ru,sources.txt
natalyaakramova.ru,sources.txt
natalyabaikovaschoolgm.ru,sources.txt
natashavysotskaya.online,sources.txt
naumovatrener.com,sources.txt
ncc-school.ru,sources.txt
neboschool.ru,sources.txt
neformat.school,sources.txt
neirokouch.ru,sources.txt
nekrasovamarianna.ru,sources.txt
neurodoktor.ru,sources.txt
newableton.live,sources.txt
newskya.ru,sources.txt
nikabrow.online,sources.txt
nikibest.ru,sources.txt
nikolaevaschool.ru,sources.txt
noahsarkschool.ru,sources.txt
notabalansa.ru,sources.txt
nuwkaivanova.art,sources.txt
obraz4you.com,sources.txt
okandlinyoga.com,sources.txt
oksana-lezhneva.ru,sources.txt
oksanacherenkova.ru,sources.txt
olegled.ru,sources.txt
olesya-vil.ru,sources.txt
olgabrainschool.ru,sources.txt
one-way.dev,sources.txt
onelink.me,sources.txt
online-licey.ru,sources.txt
onlineschool-1.ru,sources.txt
openedu.ru,sources.txt
orthodocmargaryan.ru,sources.txt
oxana-linnikova.ru,sources.txt
padmalaya.ru,sources.txt
parasympathy.site,sources.txt
pavlovapsyspb.ru,sources.txt
pedagog1.ru,sources.txt
pedagogvbiznese.ru,sources.txt
peppersonline.ru,sources.txt
pereverzeva-irina.ru,sources.txt
physcultura.ru,sources.txt
pianotitita.ru,sources.txt
pictura-school.ru,sources.txt
pisatpolezno.ru,sources.txt
pliginamarina-school.ru,sources.txt
poetnavigator.ru,sources.txt
polinatsarikaeva.ru,sources.txt
polyvysotskaya.ru,sources.txt
poronnik.ru,sources.txt
potapoff.online,sources.txt
practicneuro.ru,sources.txt
praktikapiano.ru,sources.txt
pravkitela.ru,sources.txt
prismaticcolor.ru,sources.txt
pro-bio.su,sources.txt
pro-delo.com,sources.txt
prochinese.ru,sources.txt
prodecorpro.ru,sources.txt
proglbuh.ru,sources.txt
promestosily.com,sources.txt
promokodus.com,sources.txt
promolodost.pro,sources.txt
protelo-litvinovat-ru.ru,sources.txt
psy-para.ru,sources.txt
psybody-university.ru,sources.txt
psychologinaya.com,sources.txt
psychologvam.com,sources.txt
qamasmetankin.ru,sources.txt
radikkiriaev.ru,sources.txt
radiktalgatovich.ru,sources.txt
radiologyeducation.ru,sources.txt
razberemsya.com,sources.txt
redav.online,sources.txt
reels-content.ru,sources.txt
reistoria.com,sources.txt
revivalsoul.ru,sources.txt
rezenovachina.ru,sources.txt
roc-cyberuniversity.ru,sources.txt
rodinabeauty.ru,sources.txt
romfitness.ru,sources.txt
ros-grafika.ru,sources.txt
rsmirnova-55.online,sources.txt
runartium.ru,sources.txt
runetacademy.ru,sources.txt
rusanovaartschool.com,sources.txt
russianyogazdrava.ru,sources.txt
sabirina.ru,sources.txt
sadovi-kurs.ru,sources.txt
saharov.help,sources.txt
salebot.site,sources.txt
samarinadessert.ru,sources.txt
samokhiny.ru,sources.txt
saulinapedicur.ru,sources.txt
school-bit.ru,sources.txt
school-bogdanova-fenshui.ru,sources.txt
school-drozdova.ru,sources.txt
school-lanadok.ru,sources.txt
school38.ru,sources.txt
schoolintegrity.ru,sources.txt
schoolsweet.ru,sources.txt
script-shop.ru,sources.txt
semashki-school.ru,sources.txt
sergey-krasnov.ru,sources.txt
sevostinfo.ru,sources.txt
sexolog-ivanov.ru,sources.txt
shenshinayoga.ru,sources.txt
shevchenkoair.ru,sources.txt
shitovatheta.ru,sources.txt
shkola-slova.ru,sources.txt
shkolaelenakim.ru,sources.txt
shkolamam.online,sources.txt
silazdorov.ru,sources.txt
simba-online.ru,sources.txt
singina.education,sources.txt
sistema5.academy,sources.txt
sk.ru,sources.txt
sketchprosto.ru,sources.txt
skin-doctor.pro,sources.txt
skryagina.ru,sources.txt
sleepbabyandmom.online,sources.txt
sleepedu.ru,sources.txt
slobodina-school.ru,sources.txt
smartskills-maria.online,sources.txt
smetaninanails.ru,sources.txt
sokolianska.ru,sources.txt
solfpiano.ru,sources.txt
sonprosto.ru,sources.txt
soulfuldolls.ru,sources.txt
sozavi-vyhod.ru,sources.txt
speed-reading.site,sources.txt
spiritway.space,sources.txt
sravni-labs.ru,sources.txt
startracking.ru,sources.txt
stepik.org,sources.txt
stileobrazovanie.online,sources.txt
studiya-pasteli.ru,sources.txt
sturbasowa.ru,sources.txt
sufficient.ru,sources.txt
superviso.it,sources.txt
suvorova.bz,sources.txt
sveetyakovleva.ru,sources.txt
svet-dao.ru,sources.txt
svetlayayoga.ru,sources.txt
svetlitsa-istokov.ru,sources.txt
symbolspace.ru,sources.txt
synthesismed.ru,sources.txt
tamarakuzina.com,sources.txt
tanimol.ru,sources.txt
tanya-belaya.ru,sources.txt
tanya-san.ru,sources.txt
taokitai.ru,sources.txt
taradream.ru,sources.txt
tarotfamily.ru,sources.txt
tattva-yoga.site,sources.txt
tatyana-timofeeva.ru,sources.txt
tbank.ru,sources.txt
teamcoachofgod.ru,sources.txt
telegram.me,sources.txt
testoclub.ru,sources.txt
tetrisschool.space,sources.txt
tim-lider.ru,sources.txt
totalmarket.tech,sources.txt
tourbellydance.online,sources.txt
town.su,sources.txt
trendologia.ru,sources.txt
tsarkovavs.com,sources.txt
tuchkova-school.ru,sources.txt
tutorial-vozmozhnostey.ru,sources.txt
tverdikova-club.ru,sources.txt
tvoybass.ru,sources.txt
twitter.com,sources.txt
udemy.com,sources.txt
ugol-molodosti.ru,sources.txt
uliapilyaeva.ru,sources.txt
uspmassazhist.ru,sources.txt
uznetix.com,sources.txt
vakhitova.ru,sources.txt
valentinapotapova.ru,sources.txt
vash-13-psyholog.ru,sources.txt
vassastudio.ru,sources.txt
vastu-pushya.online,sources.txt
vechnostvremeni.ru,sources.txt
vedacentr.space,sources.txt
vegerafit.ru,sources.txt
vgolffitness.ru,sources.txt
videality.com,sources.txt
vinvaleri.ru,sources.txt
vitalinapsy.ru,sources.txt
viva-color.ru,sources.txt
vkontakte.ru,sources.txt
vnematrix.ru,sources.txt
voicesun.ru,sources.txt
voicewithpotanina.ru,sources.txt
volosovacolor.pro,sources.txt
volumeschool.ru,sources.txt
vseomalyshax.ru,sources.txt
vshsnv.ru,sources.txt
vzletna1-2-3.ru,sources.txt
wandermasha.ru,sources.txt
webinar-lesson.ru,sources.txt
whatsapp.com,sources.txt
x.com,sources.txt
xristi.ru,sources.txt
yamsclub.ru,sources.txt
yoga-akademy.ru,sources.txt
yoga-love-club.ru,sources.txt
yogafitmelnikova.ru,sources.txt
yogaforlife.space,sources.txt
yogavpomoshmame.ru,sources.txt
youdecoupage.ru,sources.txt
yozhmatematik.ru,sources.txt
yusupof.ru,sources.txt
zaharenkoschool.online,sources.txt
zdorovuedetki.ru,sources.txt
zeminvst.ru,sources.txt
zhiruk-school.ru,sources.txt
zhivoygolos.space,sources.txt
zhiznevskaya.ru,sources.txt
zhuchkovaschool.ru,sources.txt
